{
    "B": 50,
    "ll_scores": [
        -1.715452565790864,
        -1.8509380481906603,
        -1.5226311597446918,
        -1.4734990982940357,
        -1.548353043575473,
        -1.7184701413973078,
        -1.3631238133603842,
        -1.6669639976204285,
        -1.4001050807439543,
        -1.402416878582333,
        -1.506788497754853,
        -1.3666902203490214,
        -1.3621975466188365,
        -1.545641767903937,
        -1.6086107043566507,
        -1.6932043267194055,
        -1.5698894530401597,
        -1.7810233611603645,
        -1.4762263584451143,
        -1.5706175699985414,
        -1.5985245137354882,
        -1.5352705456675806,
        -1.3028197013343108,
        -1.4778055724621204,
        -1.3680433503711975,
        -1.4728988019143359,
        -1.489279036314303,
        -1.9364069365485437,
        -1.504497027190424,
        -1.499651007088618,
        -1.452203935986959,
        -1.4634881878352735,
        -1.5806879219235657,
        -1.5339638144549514,
        -1.6054854722806586,
        -1.57830493865775,
        -1.4400943953271812,
        -1.4982965868223617,
        -1.5387459164239063,
        -1.5276869690598402,
        -1.7991714683279922,
        -1.7722306059793194,
        -1.3903963830367045,
        -1.5192020460175373,
        -1.4973680710882566,
        -1.604986686390359,
        -1.5342996223760368,
        -1.5238169651182951,
        -1.6517484605401664,
        -1.264694634684826
    ],
    "ll_mean": -1.5420982641721175,
    "ll_ci_95": [
        -1.83929056772156,
        -1.316179716523329
    ],
    "sil_scores": [
        0.7581672572464994,
        0.7483670280098129,
        0.7186506231790547,
        0.7489230658912073,
        0.7183619258777202,
        0.7447526656184512,
        0.7786592562810837,
        0.7230685329296574,
        0.7675477734446918,
        0.7531812290457431,
        0.7458700474125655,
        0.7690331843624272,
        0.7624867822530266,
        0.755449383964134,
        0.7616908890157713,
        0.7639286879155369,
        0.741077706587541,
        0.7074651771589634,
        0.7543983985213847,
        0.7388103191693529,
        0.7636669023014151,
        0.7466466566319973,
        0.7615251318439056,
        0.745766890187351,
        0.7460302067510917,
        0.7590242872553052,
        0.7382330108094368,
        0.7256801988665903,
        0.7574178874966525,
        0.7306792240758241,
        0.7672928055316025,
        0.7692344623152553,
        0.751155522563563,
        0.7253647236314583,
        0.7333622832600936,
        0.7604052856949646,
        0.7184199596176561,
        0.7362049019326772,
        0.7403981073598145,
        0.7377981447382657,
        0.7321467407023894,
        0.709381439095164,
        0.7554146900002922,
        0.7347753118221232,
        0.7592970039111464,
        0.7381964986990234,
        0.7467038465345923,
        0.73940503946445,
        0.741988648652566,
        0.7684122877443856
    ],
    "sil_mean": 0.7459983606675135,
    "sil_ci_95": [
        0.7114020486212391,
        0.7691891747758689
    ],
    "bic_scores": [
        365.3829464530584,
        397.95259566481417,
        301.3640192033814,
        296.2868333006744,
        312.0891812292239,
        365.9381803646441,
        283.4551161567747,
        332.2530434168663,
        319.02800560898544,
        307.7843800066887,
        282.9828027433425,
        278.34294180591206,
        294.6934647650235,
        359.7852256266564,
        312.2860672343975,
        389.2977373897501,
        325.55124869432836,
        325.7634414346024,
        290.57503450490555,
        315.87415072114555,
        293.9546347556557,
        319.4583209967544,
        289.45849939305265,
        303.1803787222733,
        315.72223073554954,
        299.2619601468306,
        305.1538145048487,
        378.05834303464593,
        304.63365844376557,
        322.55593786181385,
        283.5959783312842,
        322.0673973620467,
        320.8761428296419,
        309.6430122787352,
        348.47889226888833,
        317.181003393211,
        275.59884083883185,
        328.5417595736451,
        332.86892296953823,
        324.4815608044042,
        362.1808247942711,
        346.4737265918021,
        261.902902628043,
        303.9649285182227,
        315.9065167207632,
        348.38611809329257,
        303.30098400018466,
        301.56086289539957,
        350.2376743899957,
        266.52529742457864
    ],
    "bic_mean": 318.23795083254294,
    "bic_ci_95": [
        268.5668446927856,
        386.7688736598517
    ],
    "aic_scores": [
        337.643272105519,
        369.97635305984414,
        274.75677251761886,
        269.547848513398,
        285.2200174078304,
        338.19850601710465,
        256.4572958979861,
        305.3838795954728,
        290.8201755028392,
        280.04470565914926,
        257.05900564975707,
        251.6039570186356,
        267.1955583913906,
        331.1283535807874,
        285.8121555144907,
        360.6408653438811,
        298.3005437350681,
        299.8396443410169,
        264.1011227849988,
        289.00498689975205,
        268.17277511526515,
        292.2076160374942,
        261.7188250455132,
        276.1825584634847,
        287.4004099720123,
        272.3927963254371,
        278.1559942460601,
        351.18917921325243,
        277.7644946223721,
        294.9364832901285,
        257.25703762988735,
        294.2088029373609,
        293.8783225708533,
        282.7738484573417,
        320.6202978442025,
        290.3118395718175,
        249.53491446169463,
        300.6831651489593,
        305.1292486219988,
        296.98365443077125,
        335.05583548907066,
        319.73474180452564,
        236.1210429876525,
        277.22594373094626,
        288.5315166537097,
        320.52752366860676,
        276.6937373144221,
        274.95361620963695,
        322.6182198183103,
        239.52747716579006
    ],
    "aic_mean": 291.10453876770237,
    "aic_ci_95": [
        241.77915055736858,
        358.5142359644896
    ],
    "sep_scores": [
        3.017861758143755,
        3.0367871867263894,
        2.5080419953088944,
        2.6483802147292934,
        2.6303940363208422,
        2.7785839753597354,
        2.898753279185852,
        2.7504058212068134,
        2.82314067601153,
        2.7239246495817286,
        2.7743006977593883,
        2.8090080929718546,
        2.7581719046424547,
        2.754417664448353,
        3.0039277923031587,
        2.984860756137802,
        2.7077467416939953,
        2.7306003274461443,
        2.6319763050495437,
        2.7069402984038664,
        2.7870191628081917,
        2.8273796856541713,
        2.608810412710464,
        2.698445260991164,
        2.5378869528474963,
        2.864184061986372,
        2.747304800465848,
        2.8438059619333553,
        2.8098202011061786,
        2.6601658101208705,
        2.8507290523894575,
        2.871676846821814,
        2.8258339402153227,
        2.594653775000976,
        2.726798323946307,
        2.822613940325503,
        2.4322942041430693,
        2.6270924830341773,
        2.690703253236012,
        2.643022880550504,
        2.8990650929842303,
        2.6809933111996185,
        2.6321878156293703,
        2.5920206416238774,
        2.8783113473684074,
        2.6991142486389483,
        2.786735541189107,
        2.8132993543690943,
        2.8620760831008227,
        2.6106492759227953
    ],
    "sep_mean": 2.7520583579148985,
    "sep_ci_95": [
        2.5147571107550797,
        3.0147266158296206
    ]
}